locus,primerF,primerR,type,motif,sequence,
Cl147,ctggtcacttttattcaacttc,tgccattccctgaccttct,microsat,GATA,,
Cl233,ggctccaaaagaaattctttca,ggccaacaactcacaaagg,microsat,AAAG,,
Cl264,gacaaagagcaagagatgatg,ctcaaacagtgcctggtgt,microsat,ATAG,,
Cl274,ctgaagtcctactcacaatac,tgtggttgctggcaaaagc,microsat,AAGA,,
Cl285,cctgaactaaatcagagcaga,aagtcccttaagctatcctct,microsat,AAAG,,
Cl291,ccatccaagtaataagtgcca,acttcttaccctgttaatgcat,microsat,AAAG,,
Cl308,cacaggtagtagataaacaaca,tgactcttcaggaatggatac,microsat,AAAG,,
Cl330,agcaaagaaaatggacagttca,tgtcttcaaaagtttatgatccat,microsat,AAAG,,
Cl344,aagtcagagttcattgtgacta,agatcaatgaacttctcaggc,microsat,AATA,,
Cl366,tgtatgcttgttctcgctct,gccttctagttagttcgttag,microsat,GAAA,,
Cl370,tggagcactacatagctgta,gttcttagagatcttcttcagt,microsat,AAGA,,
Cl375,tgcctctcagtgtctctga,gaagatattcaaatttcacctgg,microsat,TAGA,,
Cl380,tctttactgccaagcacgc,gtccagagacagcgctc,microsat,TAAA,,
Cl408,gtgcagggaatctgacaga,aggaggggttcttagcctt,microsat,AAGA,,
Cl507,cccctctcaaatggatgga,ccccaaatctcagtttagca,microsat,GAAA,,
Cl527,cagtgatctgtggacttgaa,tgaggtggttgagaataaaact,microsat,GAAA,,
Lup01,acagcaatagaagccaccc,acttgctgttaccccacac,microsat,AGAA,,
Lup02,accagcgcaaaaccaagtg,ttcttgggaaggtagctgg,microsat,GTTT,,
Lup13,cctgagttactgcccttg,cggatttcagggtagatgc,microsat,AATC,,
Lup20,tggatcatgtttgcacccg,ggtcaagctcatgaggatc,microsat,TCAT,,
Lup21,gcagagtttctatggtcaac,gagctgggtagaggaatag,microsat,ATGA,,
Lup23,cacatggatagctgcacag,agccatgcaattcagtcaac,microsat,GGAT,,
ZFX_NEW,agatgaaactctagtatgtatccac,ccaggaaatcattcatgaatatcac,snp,,GGAGGTGTTGTGATGGCATTTTAGCTGCTAGACCACATGTAGCTTTTGTGTATTGAATTTGAAAATATAATTTTAAGAATTCA,
ZFY_NEW,cagagatgtaaatagtatgtatccac,ccaggaaatcattcatgaatatcac,snp,,AGAAGTGTTATCATAGTTTAGACCATATGTAGCTTTTATGTGTATTAAAAAAATAATTTTAAGAATTCA,
Cl109,tgtccctccccacactc,tcgcacatgtgtcattttactt,microsat,TAAA,,
Cl113,tgcttccacggtatttggc,cccttctgaaacgttctttct,microsat,ATAA,,
Cl178,atgccaactggtcactgtg,ggaacttctacagatctttaag,microsat,AAAG,,
Cl211,tctccctggctccctct,caatggaatcagatagtatgca,microsat,GAAA,,
Cl218,tatttcttcaggattctcttcc,agtctatctgtctgcctgc,microsat,AGAC,,
Cl226,gtctctgcttctctgtctc,gccaggcaaaaggattgca,microsat,GATA,,
Cl228,gtccaataacataactccatac,agccaggatttgatcttaacat,microsat,GAAA,,
Cl234,ggagtgttttccagatttacaa,cccaatgcactcaaatccc,microsat,AAAG,,
Cl251,gcaggtaaacagagtaaagtg,tccctctagatctcctttcat,microsat,AATA,,
Cl259,gagcagcacatagtaggtg,accaatccacctgcatatttc,microsat,GGAA,,
Cl290,cccaacctcattaaaatcacat,aaggtaacttcttgtactgctt,microsat,AAAT,,
Cl318,attgggcatacgcttactcaa,ggccttttctggattgctg,microsat,AAAT,,
Cl322,atcagccatggattatttggtt,tgagctgcccttatacagaa,microsat,AAAT,,
Cl324,ataccagacaaagacactacaa,agggatgccagcctatagt,microsat,GAAA,,
Cl345,aagtatagagtatccctccct,tggtacctattaagaaacgtgt,microsat,GAAA,,
Cl406,gtggctactagaacattttaag,tgtatctcactagggctacaa,microsat,GAAA,,
Cl423,ggcctgaaactaaacatccta,ccacccaggtgcctcta,microsat,AAAT,,
Cl434,gcctccaatgaacaattgtca,gggaaacaattctcaaattatctt,microsat,TAAA,,
Cl441,gattctcagttgtgcatatcaa,aggcaaaaggaatctttcagg,microsat,GAAA,,
Cl517,ccaccccacttgtgctc,ttggaattttgagtgggatgg,microsat,ATAA,,
Cl523,catgttgggcatagagattac,tagggactctgttaatgtgca,microsat,GGAA,,
Lup15,tcccgaccaaactttctcc,ggattggatgggtgaatgc,microsat,CATC,,