locus,primerF,primerR,type,motif
LL0063,ggtgcctgaacccaagc,tgtttggacttcttcatccgt,microsat,GAAA
LL0080,ctctttctgtttgtctgtctc,tgcccattattagccctgat,microsat,AAGA
LL0082,ctatatgctaactaatttggatgt,atcagttcatggatgtttggg,microsat,AGAA
LL0093,agagcattaccaacaggtgt,tgtgtttctattgcttctgcaa,microsat,GTTA
LL0097,ttgtgcccttaagttggtga,ctgagtttcataaataatgaacac,microsat,AAGA
LL0102,tgaaataagtcccaagtaggat,caaagcttgccctgtttcc,microsat,AAGA
LL0129,gaagcaagatggtgattgcaa,gagggtggggaagaacg,microsat,AAAG
LL0131,ctgttgcctagagttgtctt,tacagatgcttcacgtccg,microsat,AGAA
LL0132,ctgtccctccccaactc,ccttaccaaaatttagctgcc,microsat,GAAA
LL0133,ctcccttagtcacactctc,atgagttataaggtgaagccc,microsat,AAAG
LL0135,cgcttcagtaaaagactagag,tcttcctttgcttgcttcctt,microsat,AGAA
LL0171,ttccctgctagcacactct,ggactgaccaaatatggcc,microsat,GAAA
LL0172,ttcccacgcctttaccctt,tttggcctcacttacaagaga,microsat,AAAG
LL0202,ggggtctcatggggaca,gccatgcttaattctataatgc,microsat,GAAA
LL0206,gctattccttgcatgccct,aatgcccactgggtttgct,microsat,AAAG
LL0207,gctaggtgtggagcttact,cctcctagataactctttatct,microsat,AGAA
LL0208,gcctcttgcacgtgctc,taaagtgttcagtatttgcagg,microsat,GAAA