locus,primerF,primerR,type,motif
LL0033,tctcccactaatgcatgtgt,catcactcccttacatctct,microsat,AAGA
LL0043,cagcaacccatacaaaacca,gaacactcccctagaacct,microsat,AAGA
LL0044,cacctgtcagaatagctacta,caccaacactacttgttatttc,microsat,AAAG
LL0045,agaccagataccttaaaacgc,ccagtgtccaatgtcaagg,microsat,GAAA
LL0047,acgtagaattctttggtgtgat,aaactaagttcagggtccaga,microsat,GAAA
LL0051,tgctcctctggcattcaca,gagtagcagagacaatttcct,microsat,AAGA
LL0069,gcaccaaagcttcattgacaa,ctggcttgagcaagggg,microsat,GAAA
LL0077,gactgacagtgtggagcaa,cagtggatgttcatatggctt,microsat,GATA
LL0084,cctccccactcactctc,tgtcagcacccataacagg,microsat,TAAA
LL0086,ccctcacctgccaaaaga,taatgtccagcattttagtgga,microsat,GAAA
LL0087,cccactcccactctcac,ctcataggtaaatggagatact,microsat,GAAA
LL0099,tgggtgtagggaatgaatgaa,aggtagaatagcaagaacagtt,microsat,AATG
LL0099,tgggtgtagggaatgaatgaa,aggtagaatagcaagaacagtt,microsat,AATA
LL0101,tgatataatgcaggcaggca,gcctctgcatttctgtatgt,microsat,GGAA
LL0105,tctccctctagcactctc,tccaccttagctggaaatctt,microsat,AGAA
LL0108,taggaagcttcttatagttgac,tgacagccttccttgggat,microsat,AATA
LL0116,ggtccctaggttcttagtg,gaccctaaaataacacatgtac,microsat,ATAG
LL0117,ggtaggaaaacacatatagaac,cttggtgtgcacagagtct,microsat,AAAG
LL0118,gggtattgtatagaaaacaatttg,ctctgaaaagcttatgtggga,microsat,AAGA
LL0120,gggaggactttcaaatttatca,ccaccgtagattaagtagcta,microsat,AAAG
LL0125,gcataatctcacttatatgtgg,cacaagtctgaccaatatttct,microsat,AAAG
LL0136,ccttccctgatttgtgcga,ctgtgagcattttactctttgt,microsat,AGAA
LL0137,ccctgacccacttgctc,accagattaaacacagttaagc,microsat,GAAA
LL0138,ccctcccctgctttctc,gatgctaatacagggttgatc,microsat,GAAA
LL0140,cccatcctatactctatctct,cggtcaagattacttctctga,microsat,AAGA
LL0141,ccatgagagctataatgcct,atccttagtgggttagcctt,microsat,AGAA
LL0161,acggaattgctttgtgctct,aatgaagtaacaaagcagccc,microsat,GAAA
LL0216,cttgaactaactaaaccctgta,taccctcctagcgactgat,microsat,AGAA
LL0225,cgtgatcgcacgctgtc,ggccactgtggactgtc,microsat,AAAG
LL0227,cctgcgcacatgcactc,ctagtttgaactgaccccaa,microsat,TAAA
