locus,primerF,primerR,type,sequence
UA_03,gctcccataactgcataaggtc,ctggctggctggctagg,microsat,ctat
UA_06,cctcacttagcagcctacttg,tgctcttctcttcaaactgagc,microsat,aagg
UA_16,cccccaagtcaatttctaatatg,cctttagtttagtggccatcaatc,microsat,cttt
UA_17,aagggtcagaattaggtatctgtc,tgctatttccatcttcaacctgac,microsat,cttt
UA_25,ctccatttggggtctgttgt,gattgcttcatgcacgctta,microsat,cttt
UA_51,accactttacttcctcatgtctg,gtgagttcaagcaccacgtag,microsat,cttt
UA_57,acatctaggaccaagcattgc,gtctgcctcttaaccatggc,microsat,catt
UA_63,tatccactcaccatccacca,ccaggaagcgtaactccaga,microsat,tcca
UA_64,catgcactctctgtatcctgct,cctctaccctctgcctcgac,microsat,ttta
UA_65,tcagggttctccaaagaaaca,ctgggcctccactatcatgt,microsat,gata
UA_67,tcctgcttaccgcacttctt,gaggacaccagctgtgagaa,microsat,attt
UA_68,ttcccaacttccaaacaccc,ggtaggtaagaaggcatgcatg,microsat,atct
UA_ZF,gacagctgaacaagggttg,gcttctcgccggtatggatg,snp,X:ttgaatcgccaccttttggcggtccacagcaagaactttcctcatatttgtgtggagtgcggtaaaggttttcgtcacccgtcagagctcaaaaagcacatgcg/Y:ttgaatcgccaccttttggcggtccacagcaagaactttcctcatatttgtgtggagtgcggtaaaggttttcgtcacccatcagagctcaaaaagcacatgcg