Position,PP1,PP2,PP3,PP4,PP5,PP6,PP7,PP8,PP9,PP10,PP11,PP12
1,ACACACAC:ACACACAC,CGCTCTCG:ACACACAC,GTACGACT:ACACACAC,AGCGACTA:ACACACAC,ACACACAC:AGACTATG,CGCTCTCG:AGACTATG,GTACGACT:AGACTATG,AGCGACTA:AGACTATG,ACACACAC:AGCGACTA,CGCTCTCG:AGCGACTA,GTACGACT:AGCGACTA,AGCGACTA:AGCGACTA
2,ACAGCACA:ACACACAC,GTCGTAGA:ACACACAC,ATGATCGC:ACACACAC,TCAGTGTC:ACACACAC,ACAGCACA:AGACTATG,GTCGTAGA:AGACTATG,ATGATCGC:AGACTATG,TCAGTGTC:AGACTATG,ACAGCACA:AGCGACTA,GTCGTAGA:AGCGACTA,ATGATCGC:AGCGACTA,TCAGTGTC:AGCGACTA
3,GTGTACAT:ACACACAC,GTCACGTC:ACACACAC,ACGACGAG:ACACACAC,ACTCTGCT:ACACACAC,GTGTACAT:AGACTATG,GTCACGTC:AGACTATG,ACGACGAG:AGACTATG,ACTCTGCT:AGACTATG,GTGTACAT:AGCGACTA,GTCACGTC:AGCGACTA,ACGACGAG:AGCGACTA,ACTCTGCT:AGCGACTA
4,TATGTCAG:ACACACAC,GACTGATG:ACACACAC,CATCAGTC:ACACACAC,ATATAGCG:ACACACAC,TATGTCAG:AGACTATG,GACTGATG:AGACTATG,CATCAGTC:AGACTATG,ATATAGCG:AGACTATG,TATGTCAG:AGCGACTA,GACTGATG:AGCGACTA,CATCAGTC:AGCGACTA,ATATAGCG:AGCGACTA
5,TAGTCGCA:ACACACAC,AGACTATG:ACACACAC,ATCAGTCA:ACACACAC,CTATGCTA:ACACACAC,TAGTCGCA:AGACTATG,AGACTATG:AGACTATG,ATCAGTCA:AGACTATG,CTATGCTA:AGACTATG,TAGTCGCA:AGCGACTA,AGACTATG:AGCGACTA,ATCAGTCA:AGCGACTA,CTATGCTA:AGCGACTA
6,TACTATAC:ACACACAC,GCGTCAGC:ACACACAC,TCTACTGA:ACACACAC,TCGCGCTG:ACACACAC,TACTATAC:AGACTATG,GCGTCAGC:AGACTATG,TCTACTGA:AGACTATG,TCGCGCTG:AGACTATG,TACTATAC:AGCGACTA,GCGTCAGC:AGCGACTA,TCTACTGA:AGCGACTA,TCGCGCTG:AGCGACTA
7,ACTAGATC:ACACACAC,TGACATCA:ACACACAC,GATGATCT:ACACACAC,AGCACAGT:ACACACAC,ACTAGATC:AGACTATG,TGACATCA:AGACTATG,GATGATCT:AGACTATG,AGCACAGT:AGACTATG,ACTAGATC:AGCGACTA,TGACATCA:AGCGACTA,GATGATCT:AGCGACTA,AGCACAGT:AGCGACTA
8,GATCGCGA:ACACACAC,ACATGTGT:ACACACAC,CTGCGTAC:ACACACAC,TAGCTAGT:ACACACAC,GATCGCGA:AGACTATG,ACATGTGT:AGACTATG,CTGCGTAC:AGACTATG,TAGCTAGT:AGACTATG,GATCGCGA:AGCGACTA,ACATGTGT:AGCGACTA,CTGCGTAC:AGCGACTA,TAGCTAGT:AGCGACTA
9,ACACACAC:ACAGCACA,CGCTCTCG:ACAGCACA,GTACGACT:ACAGCACA,AGCGACTA:ACAGCACA,ACACACAC:GCGTCAGC,CGCTCTCG:GCGTCAGC,GTACGACT:GCGTCAGC,AGCGACTA:GCGTCAGC,ACACACAC:TCAGTGTC,CGCTCTCG:TCAGTGTC,GTACGACT:TCAGTGTC,AGCGACTA:TCAGTGTC
10,ACAGCACA:ACAGCACA,GTCGTAGA:ACAGCACA,ATGATCGC:ACAGCACA,TCAGTGTC:ACAGCACA,ACAGCACA:GCGTCAGC,GTCGTAGA:GCGTCAGC,ATGATCGC:GCGTCAGC,TCAGTGTC:GCGTCAGC,ACAGCACA:TCAGTGTC,GTCGTAGA:TCAGTGTC,ATGATCGC:TCAGTGTC,TCAGTGTC:TCAGTGTC
11,GTGTACAT:ACAGCACA,GTCACGTC:ACAGCACA,ACGACGAG:ACAGCACA,ACTCTGCT:ACAGCACA,GTGTACAT:GCGTCAGC,GTCACGTC:GCGTCAGC,ACGACGAG:GCGTCAGC,ACTCTGCT:GCGTCAGC,GTGTACAT:TCAGTGTC,GTCACGTC:TCAGTGTC,ACGACGAG:TCAGTGTC,ACTCTGCT:TCAGTGTC
12,TATGTCAG:ACAGCACA,GACTGATG:ACAGCACA,CATCAGTC:ACAGCACA,ATATAGCG:ACAGCACA,TATGTCAG:GCGTCAGC,GACTGATG:GCGTCAGC,CATCAGTC:GCGTCAGC,ATATAGCG:GCGTCAGC,TATGTCAG:TCAGTGTC,GACTGATG:TCAGTGTC,CATCAGTC:TCAGTGTC,ATATAGCG:TCAGTGTC
13,TAGTCGCA:ACAGCACA,AGACTATG:ACAGCACA,ATCAGTCA:ACAGCACA,CTATGCTA:ACAGCACA,TAGTCGCA:GCGTCAGC,AGACTATG:GCGTCAGC,ATCAGTCA:GCGTCAGC,CTATGCTA:GCGTCAGC,TAGTCGCA:TCAGTGTC,AGACTATG:TCAGTGTC,ATCAGTCA:TCAGTGTC,CTATGCTA:TCAGTGTC
14,TACTATAC:ACAGCACA,GCGTCAGC:ACAGCACA,TCTACTGA:ACAGCACA,TCGCGCTG:ACAGCACA,TACTATAC:GCGTCAGC,GCGTCAGC:GCGTCAGC,TCTACTGA:GCGTCAGC,TCGCGCTG:GCGTCAGC,TACTATAC:TCAGTGTC,GCGTCAGC:TCAGTGTC,TCTACTGA:TCAGTGTC,TCGCGCTG:TCAGTGTC
15,ACTAGATC:ACAGCACA,TGACATCA:ACAGCACA,GATGATCT:ACAGCACA,AGCACAGT:ACAGCACA,ACTAGATC:GCGTCAGC,TGACATCA:GCGTCAGC,GATGATCT:GCGTCAGC,AGCACAGT:GCGTCAGC,ACTAGATC:TCAGTGTC,TGACATCA:TCAGTGTC,GATGATCT:TCAGTGTC,AGCACAGT:TCAGTGTC
16,GATCGCGA:ACAGCACA,ACATGTGT:ACAGCACA,CTGCGTAC:ACAGCACA,TAGCTAGT:ACAGCACA,GATCGCGA:GCGTCAGC,ACATGTGT:GCGTCAGC,CTGCGTAC:GCGTCAGC,TAGCTAGT:GCGTCAGC,GATCGCGA:TCAGTGTC,ACATGTGT:TCAGTGTC,CTGCGTAC:TCAGTGTC,TAGCTAGT:TCAGTGTC
17,ACACACAC:GTGTACAT,CGCTCTCG:GTGTACAT,GTACGACT:GTGTACAT,AGCGACTA:GTGTACAT,ACACACAC:TGACATCA,CGCTCTCG:TGACATCA,GTACGACT:TGACATCA,AGCGACTA:TGACATCA,ACACACAC:ACTCTGCT,CGCTCTCG:ACTCTGCT,GTACGACT:ACTCTGCT,AGCGACTA:ACTCTGCT
18,ACAGCACA:GTGTACAT,GTCGTAGA:GTGTACAT,ATGATCGC:GTGTACAT,TCAGTGTC:GTGTACAT,ACAGCACA:TGACATCA,GTCGTAGA:TGACATCA,ATGATCGC:TGACATCA,TCAGTGTC:TGACATCA,ACAGCACA:ACTCTGCT,GTCGTAGA:ACTCTGCT,ATGATCGC:ACTCTGCT,TCAGTGTC:ACTCTGCT
19,GTGTACAT:GTGTACAT,GTCACGTC:GTGTACAT,ACGACGAG:GTGTACAT,ACTCTGCT:GTGTACAT,GTGTACAT:TGACATCA,GTCACGTC:TGACATCA,ACGACGAG:TGACATCA,ACTCTGCT:TGACATCA,GTGTACAT:ACTCTGCT,GTCACGTC:ACTCTGCT,ACGACGAG:ACTCTGCT,ACTCTGCT:ACTCTGCT
20,TATGTCAG:GTGTACAT,GACTGATG:GTGTACAT,CATCAGTC:GTGTACAT,ATATAGCG:GTGTACAT,TATGTCAG:TGACATCA,GACTGATG:TGACATCA,CATCAGTC:TGACATCA,ATATAGCG:TGACATCA,TATGTCAG:ACTCTGCT,GACTGATG:ACTCTGCT,CATCAGTC:ACTCTGCT,ATATAGCG:ACTCTGCT
21,TAGTCGCA:GTGTACAT,AGACTATG:GTGTACAT,ATCAGTCA:GTGTACAT,CTATGCTA:GTGTACAT,TAGTCGCA:TGACATCA,AGACTATG:TGACATCA,ATCAGTCA:TGACATCA,CTATGCTA:TGACATCA,TAGTCGCA:ACTCTGCT,AGACTATG:ACTCTGCT,ATCAGTCA:ACTCTGCT,CTATGCTA:ACTCTGCT
22,TACTATAC:GTGTACAT,GCGTCAGC:GTGTACAT,TCTACTGA:GTGTACAT,TCGCGCTG:GTGTACAT,TACTATAC:TGACATCA,GCGTCAGC:TGACATCA,TCTACTGA:TGACATCA,TCGCGCTG:TGACATCA,TACTATAC:ACTCTGCT,GCGTCAGC:ACTCTGCT,TCTACTGA:ACTCTGCT,TCGCGCTG:ACTCTGCT
23,ACTAGATC:GTGTACAT,TGACATCA:GTGTACAT,GATGATCT:GTGTACAT,AGCACAGT:GTGTACAT,ACTAGATC:TGACATCA,TGACATCA:TGACATCA,GATGATCT:TGACATCA,AGCACAGT:TGACATCA,ACTAGATC:ACTCTGCT,TGACATCA:ACTCTGCT,GATGATCT:ACTCTGCT,AGCACAGT:ACTCTGCT
24,GATCGCGA:GTGTACAT,ACATGTGT:GTGTACAT,CTGCGTAC:GTGTACAT,TAGCTAGT:GTGTACAT,GATCGCGA:TGACATCA,ACATGTGT:TGACATCA,CTGCGTAC:TGACATCA,TAGCTAGT:TGACATCA,GATCGCGA:ACTCTGCT,ACATGTGT:ACTCTGCT,CTGCGTAC:ACTCTGCT,TAGCTAGT:ACTCTGCT
25,ACACACAC:TATGTCAG,CGCTCTCG:TATGTCAG,GTACGACT:TATGTCAG,AGCGACTA:TATGTCAG,ACACACAC:ACATGTGT,CGCTCTCG:ACATGTGT,GTACGACT:ACATGTGT,AGCGACTA:ACATGTGT,ACACACAC:ATATAGCG,CGCTCTCG:ATATAGCG,GTACGACT:ATATAGCG,AGCGACTA:ATATAGCG
26,ACAGCACA:TATGTCAG,GTCGTAGA:TATGTCAG,ATGATCGC:TATGTCAG,TCAGTGTC:TATGTCAG,ACAGCACA:ACATGTGT,GTCGTAGA:ACATGTGT,ATGATCGC:ACATGTGT,TCAGTGTC:ACATGTGT,ACAGCACA:ATATAGCG,GTCGTAGA:ATATAGCG,ATGATCGC:ATATAGCG,TCAGTGTC:ATATAGCG
27,GTGTACAT:TATGTCAG,GTCACGTC:TATGTCAG,ACGACGAG:TATGTCAG,ACTCTGCT:TATGTCAG,GTGTACAT:ACATGTGT,GTCACGTC:ACATGTGT,ACGACGAG:ACATGTGT,ACTCTGCT:ACATGTGT,GTGTACAT:ATATAGCG,GTCACGTC:ATATAGCG,ACGACGAG:ATATAGCG,ACTCTGCT:ATATAGCG
28,TATGTCAG:TATGTCAG,GACTGATG:TATGTCAG,CATCAGTC:TATGTCAG,ATATAGCG:TATGTCAG,TATGTCAG:ACATGTGT,GACTGATG:ACATGTGT,CATCAGTC:ACATGTGT,ATATAGCG:ACATGTGT,TATGTCAG:ATATAGCG,GACTGATG:ATATAGCG,CATCAGTC:ATATAGCG,ATATAGCG:ATATAGCG
29,TAGTCGCA:TATGTCAG,AGACTATG:TATGTCAG,ATCAGTCA:TATGTCAG,CTATGCTA:TATGTCAG,TAGTCGCA:ACATGTGT,AGACTATG:ACATGTGT,ATCAGTCA:ACATGTGT,CTATGCTA:ACATGTGT,TAGTCGCA:ATATAGCG,AGACTATG:ATATAGCG,ATCAGTCA:ATATAGCG,CTATGCTA:ATATAGCG
30,TACTATAC:TATGTCAG,GCGTCAGC:TATGTCAG,TCTACTGA:TATGTCAG,TCGCGCTG:TATGTCAG,TACTATAC:ACATGTGT,GCGTCAGC:ACATGTGT,TCTACTGA:ACATGTGT,TCGCGCTG:ACATGTGT,TACTATAC:ATATAGCG,GCGTCAGC:ATATAGCG,TCTACTGA:ATATAGCG,TCGCGCTG:ATATAGCG
31,ACTAGATC:TATGTCAG,TGACATCA:TATGTCAG,GATGATCT:TATGTCAG,AGCACAGT:TATGTCAG,ACTAGATC:ACATGTGT,TGACATCA:ACATGTGT,GATGATCT:ACATGTGT,AGCACAGT:ACATGTGT,ACTAGATC:ATATAGCG,TGACATCA:ATATAGCG,GATGATCT:ATATAGCG,AGCACAGT:ATATAGCG
32,GATCGCGA:TATGTCAG,ACATGTGT:TATGTCAG,CTGCGTAC:TATGTCAG,TAGCTAGT:TATGTCAG,GATCGCGA:ACATGTGT,ACATGTGT:ACATGTGT,CTGCGTAC:ACATGTGT,TAGCTAGT:ACATGTGT,GATCGCGA:ATATAGCG,ACATGTGT:ATATAGCG,CTGCGTAC:ATATAGCG,TAGCTAGT:ATATAGCG
33,ACACACAC:TAGTCGCA,CGCTCTCG:TAGTCGCA,GTACGACT:TAGTCGCA,AGCGACTA:TAGTCGCA,ACACACAC:GTACGACT,CGCTCTCG:GTACGACT,GTACGACT:GTACGACT,AGCGACTA:GTACGACT,ACACACAC:CTATGCTA,CGCTCTCG:CTATGCTA,GTACGACT:CTATGCTA,AGCGACTA:CTATGCTA
34,ACAGCACA:TAGTCGCA,GTCGTAGA:TAGTCGCA,ATGATCGC:TAGTCGCA,TCAGTGTC:TAGTCGCA,ACAGCACA:GTACGACT,GTCGTAGA:GTACGACT,ATGATCGC:GTACGACT,TCAGTGTC:GTACGACT,ACAGCACA:CTATGCTA,GTCGTAGA:CTATGCTA,ATGATCGC:CTATGCTA,TCAGTGTC:CTATGCTA
35,GTGTACAT:TAGTCGCA,GTCACGTC:TAGTCGCA,ACGACGAG:TAGTCGCA,ACTCTGCT:TAGTCGCA,GTGTACAT:GTACGACT,GTCACGTC:GTACGACT,ACGACGAG:GTACGACT,ACTCTGCT:GTACGACT,GTGTACAT:CTATGCTA,GTCACGTC:CTATGCTA,ACGACGAG:CTATGCTA,ACTCTGCT:CTATGCTA
36,TATGTCAG:TAGTCGCA,GACTGATG:TAGTCGCA,CATCAGTC:TAGTCGCA,ATATAGCG:TAGTCGCA,TATGTCAG:GTACGACT,GACTGATG:GTACGACT,CATCAGTC:GTACGACT,ATATAGCG:GTACGACT,TATGTCAG:CTATGCTA,GACTGATG:CTATGCTA,CATCAGTC:CTATGCTA,ATATAGCG:CTATGCTA
37,TAGTCGCA:TAGTCGCA,AGACTATG:TAGTCGCA,ATCAGTCA:TAGTCGCA,CTATGCTA:TAGTCGCA,TAGTCGCA:GTACGACT,AGACTATG:GTACGACT,ATCAGTCA:GTACGACT,CTATGCTA:GTACGACT,TAGTCGCA:CTATGCTA,AGACTATG:CTATGCTA,ATCAGTCA:CTATGCTA,CTATGCTA:CTATGCTA
38,TACTATAC:TAGTCGCA,GCGTCAGC:TAGTCGCA,TCTACTGA:TAGTCGCA,TCGCGCTG:TAGTCGCA,TACTATAC:GTACGACT,GCGTCAGC:GTACGACT,TCTACTGA:GTACGACT,TCGCGCTG:GTACGACT,TACTATAC:CTATGCTA,GCGTCAGC:CTATGCTA,TCTACTGA:CTATGCTA,TCGCGCTG:CTATGCTA
39,ACTAGATC:TAGTCGCA,TGACATCA:TAGTCGCA,GATGATCT:TAGTCGCA,AGCACAGT:TAGTCGCA,ACTAGATC:GTACGACT,TGACATCA:GTACGACT,GATGATCT:GTACGACT,AGCACAGT:GTACGACT,ACTAGATC:CTATGCTA,TGACATCA:CTATGCTA,GATGATCT:CTATGCTA,AGCACAGT:CTATGCTA
40,GATCGCGA:TAGTCGCA,ACATGTGT:TAGTCGCA,CTGCGTAC:TAGTCGCA,TAGCTAGT:TAGTCGCA,GATCGCGA:GTACGACT,ACATGTGT:GTACGACT,CTGCGTAC:GTACGACT,TAGCTAGT:GTACGACT,GATCGCGA:CTATGCTA,ACATGTGT:CTATGCTA,CTGCGTAC:CTATGCTA,TAGCTAGT:CTATGCTA
41,ACACACAC:TACTATAC,CGCTCTCG:TACTATAC,GTACGACT:TACTATAC,AGCGACTA:TACTATAC,ACACACAC:ATGATCGC,CGCTCTCG:ATGATCGC,GTACGACT:ATGATCGC,AGCGACTA:ATGATCGC,ACACACAC:TCGCGCTG,CGCTCTCG:TCGCGCTG,GTACGACT:TCGCGCTG,AGCGACTA:TCGCGCTG
42,ACAGCACA:TACTATAC,GTCGTAGA:TACTATAC,ATGATCGC:TACTATAC,TCAGTGTC:TACTATAC,ACAGCACA:ATGATCGC,GTCGTAGA:ATGATCGC,ATGATCGC:ATGATCGC,TCAGTGTC:ATGATCGC,ACAGCACA:TCGCGCTG,GTCGTAGA:TCGCGCTG,ATGATCGC:TCGCGCTG,TCAGTGTC:TCGCGCTG
43,GTGTACAT:TACTATAC,GTCACGTC:TACTATAC,ACGACGAG:TACTATAC,ACTCTGCT:TACTATAC,GTGTACAT:ATGATCGC,GTCACGTC:ATGATCGC,ACGACGAG:ATGATCGC,ACTCTGCT:ATGATCGC,GTGTACAT:TCGCGCTG,GTCACGTC:TCGCGCTG,ACGACGAG:TCGCGCTG,ACTCTGCT:TCGCGCTG
44,TATGTCAG:TACTATAC,GACTGATG:TACTATAC,CATCAGTC:TACTATAC,ATATAGCG:TACTATAC,TATGTCAG:ATGATCGC,GACTGATG:ATGATCGC,CATCAGTC:ATGATCGC,ATATAGCG:ATGATCGC,TATGTCAG:TCGCGCTG,GACTGATG:TCGCGCTG,CATCAGTC:TCGCGCTG,ATATAGCG:TCGCGCTG
45,TAGTCGCA:TACTATAC,AGACTATG:TACTATAC,ATCAGTCA:TACTATAC,CTATGCTA:TACTATAC,TAGTCGCA:ATGATCGC,AGACTATG:ATGATCGC,ATCAGTCA:ATGATCGC,CTATGCTA:ATGATCGC,TAGTCGCA:TCGCGCTG,AGACTATG:TCGCGCTG,ATCAGTCA:TCGCGCTG,CTATGCTA:TCGCGCTG
46,TACTATAC:TACTATAC,GCGTCAGC:TACTATAC,TCTACTGA:TACTATAC,TCGCGCTG:TACTATAC,TACTATAC:ATGATCGC,GCGTCAGC:ATGATCGC,TCTACTGA:ATGATCGC,TCGCGCTG:ATGATCGC,TACTATAC:TCGCGCTG,GCGTCAGC:TCGCGCTG,TCTACTGA:TCGCGCTG,TCGCGCTG:TCGCGCTG
47,ACTAGATC:TACTATAC,TGACATCA:TACTATAC,GATGATCT:TACTATAC,AGCACAGT:TACTATAC,ACTAGATC:ATGATCGC,TGACATCA:ATGATCGC,GATGATCT:ATGATCGC,AGCACAGT:ATGATCGC,ACTAGATC:TCGCGCTG,TGACATCA:TCGCGCTG,GATGATCT:TCGCGCTG,AGCACAGT:TCGCGCTG
48,GATCGCGA:TACTATAC,ACATGTGT:TACTATAC,CTGCGTAC:TACTATAC,TAGCTAGT:TACTATAC,GATCGCGA:ATGATCGC,ACATGTGT:ATGATCGC,CTGCGTAC:ATGATCGC,TAGCTAGT:ATGATCGC,GATCGCGA:TCGCGCTG,ACATGTGT:TCGCGCTG,CTGCGTAC:TCGCGCTG,TAGCTAGT:TCGCGCTG
49,ACACACAC:ACTAGATC,CGCTCTCG:ACTAGATC,GTACGACT:ACTAGATC,AGCGACTA:ACTAGATC,ACACACAC:ACGACGAG,CGCTCTCG:ACGACGAG,GTACGACT:ACGACGAG,AGCGACTA:ACGACGAG,ACACACAC:AGCACAGT,CGCTCTCG:AGCACAGT,GTACGACT:AGCACAGT,AGCGACTA:AGCACAGT
50,ACAGCACA:ACTAGATC,GTCGTAGA:ACTAGATC,ATGATCGC:ACTAGATC,TCAGTGTC:ACTAGATC,ACAGCACA:ACGACGAG,GTCGTAGA:ACGACGAG,ATGATCGC:ACGACGAG,TCAGTGTC:ACGACGAG,ACAGCACA:AGCACAGT,GTCGTAGA:AGCACAGT,ATGATCGC:AGCACAGT,TCAGTGTC:AGCACAGT
51,GTGTACAT:ACTAGATC,GTCACGTC:ACTAGATC,ACGACGAG:ACTAGATC,ACTCTGCT:ACTAGATC,GTGTACAT:ACGACGAG,GTCACGTC:ACGACGAG,ACGACGAG:ACGACGAG,ACTCTGCT:ACGACGAG,GTGTACAT:AGCACAGT,GTCACGTC:AGCACAGT,ACGACGAG:AGCACAGT,ACTCTGCT:AGCACAGT
52,TATGTCAG:ACTAGATC,GACTGATG:ACTAGATC,CATCAGTC:ACTAGATC,ATATAGCG:ACTAGATC,TATGTCAG:ACGACGAG,GACTGATG:ACGACGAG,CATCAGTC:ACGACGAG,ATATAGCG:ACGACGAG,TATGTCAG:AGCACAGT,GACTGATG:AGCACAGT,CATCAGTC:AGCACAGT,ATATAGCG:AGCACAGT
53,TAGTCGCA:ACTAGATC,AGACTATG:ACTAGATC,ATCAGTCA:ACTAGATC,CTATGCTA:ACTAGATC,TAGTCGCA:ACGACGAG,AGACTATG:ACGACGAG,ATCAGTCA:ACGACGAG,CTATGCTA:ACGACGAG,TAGTCGCA:AGCACAGT,AGACTATG:AGCACAGT,ATCAGTCA:AGCACAGT,CTATGCTA:AGCACAGT
54,TACTATAC:ACTAGATC,GCGTCAGC:ACTAGATC,TCTACTGA:ACTAGATC,TCGCGCTG:ACTAGATC,TACTATAC:ACGACGAG,GCGTCAGC:ACGACGAG,TCTACTGA:ACGACGAG,TCGCGCTG:ACGACGAG,TACTATAC:AGCACAGT,GCGTCAGC:AGCACAGT,TCTACTGA:AGCACAGT,TCGCGCTG:AGCACAGT
55,ACTAGATC:ACTAGATC,TGACATCA:ACTAGATC,GATGATCT:ACTAGATC,AGCACAGT:ACTAGATC,ACTAGATC:ACGACGAG,TGACATCA:ACGACGAG,GATGATCT:ACGACGAG,AGCACAGT:ACGACGAG,ACTAGATC:AGCACAGT,TGACATCA:AGCACAGT,GATGATCT:AGCACAGT,AGCACAGT:AGCACAGT
56,GATCGCGA:ACTAGATC,ACATGTGT:ACTAGATC,CTGCGTAC:ACTAGATC,TAGCTAGT:ACTAGATC,GATCGCGA:ACGACGAG,ACATGTGT:ACGACGAG,CTGCGTAC:ACGACGAG,TAGCTAGT:ACGACGAG,GATCGCGA:AGCACAGT,ACATGTGT:AGCACAGT,CTGCGTAC:AGCACAGT,TAGCTAGT:AGCACAGT
57,ACACACAC:GATCGCGA,CGCTCTCG:GATCGCGA,GTACGACT:GATCGCGA,AGCGACTA:GATCGCGA,ACACACAC:CATCAGTC,CGCTCTCG:CATCAGTC,GTACGACT:CATCAGTC,AGCGACTA:CATCAGTC,ACACACAC:TAGCTAGT,CGCTCTCG:TAGCTAGT,GTACGACT:TAGCTAGT,AGCGACTA:TAGCTAGT
58,ACAGCACA:GATCGCGA,GTCGTAGA:GATCGCGA,ATGATCGC:GATCGCGA,TCAGTGTC:GATCGCGA,ACAGCACA:CATCAGTC,GTCGTAGA:CATCAGTC,ATGATCGC:CATCAGTC,TCAGTGTC:CATCAGTC,ACAGCACA:TAGCTAGT,GTCGTAGA:TAGCTAGT,ATGATCGC:TAGCTAGT,TCAGTGTC:TAGCTAGT
59,GTGTACAT:GATCGCGA,GTCACGTC:GATCGCGA,ACGACGAG:GATCGCGA,ACTCTGCT:GATCGCGA,GTGTACAT:CATCAGTC,GTCACGTC:CATCAGTC,ACGACGAG:CATCAGTC,ACTCTGCT:CATCAGTC,GTGTACAT:TAGCTAGT,GTCACGTC:TAGCTAGT,ACGACGAG:TAGCTAGT,ACTCTGCT:TAGCTAGT
60,TATGTCAG:GATCGCGA,GACTGATG:GATCGCGA,CATCAGTC:GATCGCGA,ATATAGCG:GATCGCGA,TATGTCAG:CATCAGTC,GACTGATG:CATCAGTC,CATCAGTC:CATCAGTC,ATATAGCG:CATCAGTC,TATGTCAG:TAGCTAGT,GACTGATG:TAGCTAGT,CATCAGTC:TAGCTAGT,ATATAGCG:TAGCTAGT
61,TAGTCGCA:GATCGCGA,AGACTATG:GATCGCGA,ATCAGTCA:GATCGCGA,CTATGCTA:GATCGCGA,TAGTCGCA:CATCAGTC,AGACTATG:CATCAGTC,ATCAGTCA:CATCAGTC,CTATGCTA:CATCAGTC,TAGTCGCA:TAGCTAGT,AGACTATG:TAGCTAGT,ATCAGTCA:TAGCTAGT,CTATGCTA:TAGCTAGT
62,TACTATAC:GATCGCGA,GCGTCAGC:GATCGCGA,TCTACTGA:GATCGCGA,TCGCGCTG:GATCGCGA,TACTATAC:CATCAGTC,GCGTCAGC:CATCAGTC,TCTACTGA:CATCAGTC,TCGCGCTG:CATCAGTC,TACTATAC:TAGCTAGT,GCGTCAGC:TAGCTAGT,TCTACTGA:TAGCTAGT,TCGCGCTG:TAGCTAGT
63,ACTAGATC:GATCGCGA,TGACATCA:GATCGCGA,GATGATCT:GATCGCGA,AGCACAGT:GATCGCGA,ACTAGATC:CATCAGTC,TGACATCA:CATCAGTC,GATGATCT:CATCAGTC,AGCACAGT:CATCAGTC,ACTAGATC:TAGCTAGT,TGACATCA:TAGCTAGT,GATGATCT:TAGCTAGT,AGCACAGT:TAGCTAGT
64,GATCGCGA:GATCGCGA,ACATGTGT:GATCGCGA,CTGCGTAC:GATCGCGA,TAGCTAGT:GATCGCGA,GATCGCGA:CATCAGTC,ACATGTGT:CATCAGTC,CTGCGTAC:CATCAGTC,TAGCTAGT:CATCAGTC,GATCGCGA:TAGCTAGT,ACATGTGT:TAGCTAGT,CTGCGTAC:TAGCTAGT,TAGCTAGT:TAGCTAGT
65,ACACACAC:CGCTCTCG,CGCTCTCG:CGCTCTCG,GTACGACT:CGCTCTCG,AGCGACTA:CGCTCTCG,ACACACAC:ATCAGTCA,CGCTCTCG:ATCAGTCA,GTACGACT:ATCAGTCA,AGCGACTA:ATCAGTCA,ACACACAC:AGTGCTAC,CGCTCTCG:AGTGCTAC,GTACGACT:AGTGCTAC,AGCGACTA:AGTGCTAC
66,ACAGCACA:CGCTCTCG,GTCGTAGA:CGCTCTCG,ATGATCGC:CGCTCTCG,TCAGTGTC:CGCTCTCG,ACAGCACA:ATCAGTCA,GTCGTAGA:ATCAGTCA,ATGATCGC:ATCAGTCA,TCAGTGTC:ATCAGTCA,ACAGCACA:AGTGCTAC,GTCGTAGA:AGTGCTAC,ATGATCGC:AGTGCTAC,TCAGTGTC:AGTGCTAC
67,GTGTACAT:CGCTCTCG,GTCACGTC:CGCTCTCG,ACGACGAG:CGCTCTCG,ACTCTGCT:CGCTCTCG,GTGTACAT:ATCAGTCA,GTCACGTC:ATCAGTCA,ACGACGAG:ATCAGTCA,ACTCTGCT:ATCAGTCA,GTGTACAT:AGTGCTAC,GTCACGTC:AGTGCTAC,ACGACGAG:AGTGCTAC,ACTCTGCT:AGTGCTAC
68,TATGTCAG:CGCTCTCG,GACTGATG:CGCTCTCG,CATCAGTC:CGCTCTCG,ATATAGCG:CGCTCTCG,TATGTCAG:ATCAGTCA,GACTGATG:ATCAGTCA,CATCAGTC:ATCAGTCA,ATATAGCG:ATCAGTCA,TATGTCAG:AGTGCTAC,GACTGATG:AGTGCTAC,CATCAGTC:AGTGCTAC,ATATAGCG:AGTGCTAC
69,TAGTCGCA:CGCTCTCG,AGACTATG:CGCTCTCG,ATCAGTCA:CGCTCTCG,CTATGCTA:CGCTCTCG,TAGTCGCA:ATCAGTCA,AGACTATG:ATCAGTCA,ATCAGTCA:ATCAGTCA,CTATGCTA:ATCAGTCA,TAGTCGCA:AGTGCTAC,AGACTATG:AGTGCTAC,ATCAGTCA:AGTGCTAC,CTATGCTA:AGTGCTAC
70,TACTATAC:CGCTCTCG,GCGTCAGC:CGCTCTCG,TCTACTGA:CGCTCTCG,TCGCGCTG:CGCTCTCG,TACTATAC:ATCAGTCA,GCGTCAGC:ATCAGTCA,TCTACTGA:ATCAGTCA,TCGCGCTG:ATCAGTCA,TACTATAC:AGTGCTAC,GCGTCAGC:AGTGCTAC,TCTACTGA:AGTGCTAC,TCGCGCTG:AGTGCTAC
71,ACTAGATC:CGCTCTCG,TGACATCA:CGCTCTCG,GATGATCT:CGCTCTCG,AGCACAGT:CGCTCTCG,ACTAGATC:ATCAGTCA,TGACATCA:ATCAGTCA,GATGATCT:ATCAGTCA,AGCACAGT:ATCAGTCA,ACTAGATC:AGTGCTAC,TGACATCA:AGTGCTAC,GATGATCT:AGTGCTAC,AGCACAGT:AGTGCTAC
72,GATCGCGA:CGCTCTCG,ACATGTGT:CGCTCTCG,CTGCGTAC:CGCTCTCG,TAGCTAGT:CGCTCTCG,GATCGCGA:ATCAGTCA,ACATGTGT:ATCAGTCA,CTGCGTAC:ATCAGTCA,TAGCTAGT:ATCAGTCA,GATCGCGA:AGTGCTAC,ACATGTGT:AGTGCTAC,CTGCGTAC:AGTGCTAC,TAGCTAGT:AGTGCTAC
73,ACACACAC:GTCGTAGA,CGCTCTCG:GTCGTAGA,GTACGACT:GTCGTAGA,AGCGACTA:GTCGTAGA,ACACACAC:TCTACTGA,CGCTCTCG:TCTACTGA,GTACGACT:TCTACTGA,AGCGACTA:TCTACTGA,ACACACAC:CGTATACA,CGCTCTCG:CGTATACA,GTACGACT:CGTATACA,AGCGACTA:CGTATACA
74,ACAGCACA:GTCGTAGA,GTCGTAGA:GTCGTAGA,ATGATCGC:GTCGTAGA,TCAGTGTC:GTCGTAGA,ACAGCACA:TCTACTGA,GTCGTAGA:TCTACTGA,ATGATCGC:TCTACTGA,TCAGTGTC:TCTACTGA,ACAGCACA:CGTATACA,GTCGTAGA:CGTATACA,ATGATCGC:CGTATACA,TCAGTGTC:CGTATACA
75,GTGTACAT:GTCGTAGA,GTCACGTC:GTCGTAGA,ACGACGAG:GTCGTAGA,ACTCTGCT:GTCGTAGA,GTGTACAT:TCTACTGA,GTCACGTC:TCTACTGA,ACGACGAG:TCTACTGA,ACTCTGCT:TCTACTGA,GTGTACAT:CGTATACA,GTCACGTC:CGTATACA,ACGACGAG:CGTATACA,ACTCTGCT:CGTATACA
76,TATGTCAG:GTCGTAGA,GACTGATG:GTCGTAGA,CATCAGTC:GTCGTAGA,ATATAGCG:GTCGTAGA,TATGTCAG:TCTACTGA,GACTGATG:TCTACTGA,CATCAGTC:TCTACTGA,ATATAGCG:TCTACTGA,TATGTCAG:CGTATACA,GACTGATG:CGTATACA,CATCAGTC:CGTATACA,ATATAGCG:CGTATACA
77,TAGTCGCA:GTCGTAGA,AGACTATG:GTCGTAGA,ATCAGTCA:GTCGTAGA,CTATGCTA:GTCGTAGA,TAGTCGCA:TCTACTGA,AGACTATG:TCTACTGA,ATCAGTCA:TCTACTGA,CTATGCTA:TCTACTGA,TAGTCGCA:CGTATACA,AGACTATG:CGTATACA,ATCAGTCA:CGTATACA,CTATGCTA:CGTATACA
78,TACTATAC:GTCGTAGA,GCGTCAGC:GTCGTAGA,TCTACTGA:GTCGTAGA,TCGCGCTG:GTCGTAGA,TACTATAC:TCTACTGA,GCGTCAGC:TCTACTGA,TCTACTGA:TCTACTGA,TCGCGCTG:TCTACTGA,TACTATAC:CGTATACA,GCGTCAGC:CGTATACA,TCTACTGA:CGTATACA,TCGCGCTG:CGTATACA
79,ACTAGATC:GTCGTAGA,TGACATCA:GTCGTAGA,GATGATCT:GTCGTAGA,AGCACAGT:GTCGTAGA,ACTAGATC:TCTACTGA,TGACATCA:TCTACTGA,GATGATCT:TCTACTGA,AGCACAGT:TCTACTGA,ACTAGATC:CGTATACA,TGACATCA:CGTATACA,GATGATCT:CGTATACA,AGCACAGT:CGTATACA
80,GATCGCGA:GTCGTAGA,ACATGTGT:GTCGTAGA,CTGCGTAC:GTCGTAGA,TAGCTAGT:GTCGTAGA,GATCGCGA:TCTACTGA,ACATGTGT:TCTACTGA,CTGCGTAC:TCTACTGA,TAGCTAGT:TCTACTGA,GATCGCGA:CGTATACA,ACATGTGT:CGTATACA,CTGCGTAC:CGTATACA,TAGCTAGT:CGTATACA
81,ACACACAC:GTCACGTC,CGCTCTCG:GTCACGTC,GTACGACT:GTCACGTC,AGCGACTA:GTCACGTC,ACACACAC:GATGATCT,CGCTCTCG:GATGATCT,GTACGACT:GATGATCT,AGCGACTA:GATGATCT,ACACACAC:CGAGTCGT,CGCTCTCG:CGAGTCGT,GTACGACT:CGAGTCGT,AGCGACTA:CGAGTCGT
82,ACAGCACA:GTCACGTC,GTCGTAGA:GTCACGTC,ATGATCGC:GTCACGTC,TCAGTGTC:GTCACGTC,ACAGCACA:GATGATCT,GTCGTAGA:GATGATCT,ATGATCGC:GATGATCT,TCAGTGTC:GATGATCT,ACAGCACA:CGAGTCGT,GTCGTAGA:CGAGTCGT,ATGATCGC:CGAGTCGT,TCAGTGTC:CGAGTCGT
83,GTGTACAT:GTCACGTC,GTCACGTC:GTCACGTC,ACGACGAG:GTCACGTC,ACTCTGCT:GTCACGTC,GTGTACAT:GATGATCT,GTCACGTC:GATGATCT,ACGACGAG:GATGATCT,ACTCTGCT:GATGATCT,GTGTACAT:CGAGTCGT,GTCACGTC:CGAGTCGT,ACGACGAG:CGAGTCGT,ACTCTGCT:CGAGTCGT
84,TATGTCAG:GTCACGTC,GACTGATG:GTCACGTC,CATCAGTC:GTCACGTC,ATATAGCG:GTCACGTC,TATGTCAG:GATGATCT,GACTGATG:GATGATCT,CATCAGTC:GATGATCT,ATATAGCG:GATGATCT,TATGTCAG:CGAGTCGT,GACTGATG:CGAGTCGT,CATCAGTC:CGAGTCGT,ATATAGCG:CGAGTCGT
85,TAGTCGCA:GTCACGTC,AGACTATG:GTCACGTC,ATCAGTCA:GTCACGTC,CTATGCTA:GTCACGTC,TAGTCGCA:GATGATCT,AGACTATG:GATGATCT,ATCAGTCA:GATGATCT,CTATGCTA:GATGATCT,TAGTCGCA:CGAGTCGT,AGACTATG:CGAGTCGT,ATCAGTCA:CGAGTCGT,CTATGCTA:CGAGTCGT
86,TACTATAC:GTCACGTC,GCGTCAGC:GTCACGTC,TCTACTGA:GTCACGTC,TCGCGCTG:GTCACGTC,TACTATAC:GATGATCT,GCGTCAGC:GATGATCT,TCTACTGA:GATGATCT,TCGCGCTG:GATGATCT,TACTATAC:CGAGTCGT,GCGTCAGC:CGAGTCGT,TCTACTGA:CGAGTCGT,TCGCGCTG:CGAGTCGT
87,ACTAGATC:GTCACGTC,TGACATCA:GTCACGTC,GATGATCT:GTCACGTC,AGCACAGT:GTCACGTC,ACTAGATC:GATGATCT,TGACATCA:GATGATCT,GATGATCT:GATGATCT,AGCACAGT:GATGATCT,ACTAGATC:CGAGTCGT,TGACATCA:CGAGTCGT,GATGATCT:CGAGTCGT,AGCACAGT:CGAGTCGT
88,GATCGCGA:GTCACGTC,ACATGTGT:GTCACGTC,CTGCGTAC:GTCACGTC,TAGCTAGT:GTCACGTC,GATCGCGA:GATGATCT,ACATGTGT:GATGATCT,CTGCGTAC:GATGATCT,TAGCTAGT:GATGATCT,GATCGCGA:CGAGTCGT,ACATGTGT:CGAGTCGT,CTGCGTAC:CGAGTCGT,TAGCTAGT:CGAGTCGT
89,ACACACAC:GACTGATG,CGCTCTCG:GACTGATG,GTACGACT:GACTGATG,AGCGACTA:GACTGATG,ACACACAC:CTGCGTAC,CGCTCTCG:CTGCGTAC,GTACGACT:CTGCGTAC,AGCGACTA:CTGCGTAC,ACACACAC:CACATGAT,CGCTCTCG:CACATGAT,GTACGACT:CACATGAT,AGCGACTA:CACATGAT
90,ACAGCACA:GACTGATG,GTCGTAGA:GACTGATG,ATGATCGC:GACTGATG,TCAGTGTC:GACTGATG,ACAGCACA:CTGCGTAC,GTCGTAGA:CTGCGTAC,ATGATCGC:CTGCGTAC,TCAGTGTC:CTGCGTAC,ACAGCACA:CACATGAT,GTCGTAGA:CACATGAT,ATGATCGC:CACATGAT,TCAGTGTC:CACATGAT
91,GTGTACAT:GACTGATG,GTCACGTC:GACTGATG,ACGACGAG:GACTGATG,ACTCTGCT:GACTGATG,GTGTACAT:CTGCGTAC,GTCACGTC:CTGCGTAC,ACGACGAG:CTGCGTAC,ACTCTGCT:CTGCGTAC,GTGTACAT:CACATGAT,GTCACGTC:CACATGAT,ACGACGAG:CACATGAT,ACTCTGCT:CACATGAT
92,TATGTCAG:GACTGATG,GACTGATG:GACTGATG,CATCAGTC:GACTGATG,ATATAGCG:GACTGATG,TATGTCAG:CTGCGTAC,GACTGATG:CTGCGTAC,CATCAGTC:CTGCGTAC,ATATAGCG:CTGCGTAC,TATGTCAG:CACATGAT,GACTGATG:CACATGAT,CATCAGTC:CACATGAT,ATATAGCG:CACATGAT
93,TAGTCGCA:GACTGATG,AGACTATG:GACTGATG,ATCAGTCA:GACTGATG,CTATGCTA:GACTGATG,TAGTCGCA:CTGCGTAC,AGACTATG:CTGCGTAC,ATCAGTCA:CTGCGTAC,CTATGCTA:CTGCGTAC,TAGTCGCA:CACATGAT,AGACTATG:CACATGAT,ATCAGTCA:CACATGAT,CTATGCTA:CACATGAT
94,TACTATAC:GACTGATG,GCGTCAGC:GACTGATG,TCTACTGA:GACTGATG,TCGCGCTG:GACTGATG,TACTATAC:CTGCGTAC,GCGTCAGC:CTGCGTAC,TCTACTGA:CTGCGTAC,TCGCGCTG:CTGCGTAC,TACTATAC:CACATGAT,GCGTCAGC:CACATGAT,TCTACTGA:CACATGAT,TCGCGCTG:CACATGAT
95,ACTAGATC:GACTGATG,TGACATCA:GACTGATG,GATGATCT:GACTGATG,AGCACAGT:GACTGATG,ACTAGATC:CTGCGTAC,TGACATCA:CTGCGTAC,GATGATCT:CTGCGTAC,AGCACAGT:CTGCGTAC,ACTAGATC:CACATGAT,TGACATCA:CACATGAT,GATGATCT:CACATGAT,AGCACAGT:CACATGAT
96,GATCGCGA:GACTGATG,ACATGTGT:GACTGATG,CTGCGTAC:GACTGATG,TAGCTAGT:GACTGATG,GATCGCGA:CTGCGTAC,ACATGTGT:CTGCGTAC,CTGCGTAC:CTGCGTAC,TAGCTAGT:CTGCGTAC,GATCGCGA:CACATGAT,ACATGTGT:CACATGAT,CTGCGTAC:CACATGAT,TAGCTAGT:CACATGAT